[
    {
        "filename": "9-10-V1-W.png",
        "width": 500,
        "height": 500,
        "format": "PNG",
        "mode": "RGB",
        "creation_time": "2024-09-03 19:23:14",
        "last_modified_time": "2024-09-03 19:23:14",
        "size_kb": 137.76
    },
    {
        "filename": "9-10-V2-W.png",
        "width": 500,
        "height": 500,
        "format": "PNG",
        "mode": "RGB",
        "creation_time": "2024-09-03 19:23:14",
        "last_modified_time": "2024-09-03 19:23:14",
        "size_kb": 147.38
    },
    {
        "filename": "9-10-V1-B.png",
        "width": 500,
        "height": 500,
        "format": "PNG",
        "mode": "RGB",
        "creation_time": "2024-09-03 19:23:14",
        "last_modified_time": "2024-09-03 19:23:14",
        "size_kb": 224.55
    },
    {
        "filename": "9-10-V2-B.png",
        "width": 500,
        "height": 500,
        "format": "PNG",
        "mode": "RGB",
        "creation_time": "2024-09-03 19:23:14",
        "last_modified_time": "2024-09-03 19:23:14",
        "size_kb": 214.4
    },
    {
        "filename": "0-01-V1-W.png",
        "width": 500,
        "height": 500,
        "format": "PNG",
        "mode": "RGB",
        "creation_time": "2024-09-03 19:22:07",
        "last_modified_time": "2024-09-03 19:22:07",
        "size_kb": 133.22
    },
    {
        "filename": "0-01-V2-W.png",
        "width": 500,
        "height": 500,
        "format": "PNG",
        "mode": "RGB",
        "creation_time": "2024-09-03 19:22:07",
        "last_modified_time": "2024-09-03 19:22:07",
        "size_kb": 174.04
    },
    {
        "filename": "0-01-V1-B.png",
        "width": 500,
        "height": 500,
        "format": "PNG",
        "mode": "RGB",
        "creation_time": "2024-09-03 19:22:07",
        "last_modified_time": "2024-09-03 19:22:07",
        "size_kb": 178.9
    },
    {
        "filename": "0-01-V2-B.png",
        "width": 500,
        "height": 500,
        "format": "PNG",
        "mode": "RGB",
        "creation_time": "2024-09-03 19:22:08",
        "last_modified_time": "2024-09-03 19:22:08",
        "size_kb": 205.16
    },
    {
        "filename": "1-02-V1-W.png",
        "width": 500,
        "height": 500,
        "format": "PNG",
        "mode": "RGB",
        "creation_time": "2024-09-03 19:22:08",
        "last_modified_time": "2024-09-03 19:22:08",
        "size_kb": 142.0
    },
    {
        "filename": "1-02-V2-W.png",
        "width": 500,
        "height": 500,
        "format": "PNG",
        "mode": "RGB",
        "creation_time": "2024-09-03 19:22:08",
        "last_modified_time": "2024-09-03 19:22:08",
        "size_kb": 146.89
    },
    {
        "filename": "1-02-V1-B.png",
        "width": 500,
        "height": 500,
        "format": "PNG",
        "mode": "RGB",
        "creation_time": "2024-09-03 19:22:08",
        "last_modified_time": "2024-09-03 19:22:08",
        "size_kb": 130.65
    },
    {
        "filename": "1-02-V2-B.png",
        "width": 500,
        "height": 500,
        "format": "PNG",
        "mode": "RGB",
        "creation_time": "2024-09-03 19:22:08",
        "last_modified_time": "2024-09-03 19:22:08",
        "size_kb": 130.65
    },
    {
        "filename": "2-03-V1-W.png",
        "width": 500,
        "height": 500,
        "format": "PNG",
        "mode": "RGB",
        "creation_time": "2024-09-03 19:22:08",
        "last_modified_time": "2024-09-03 19:22:08",
        "size_kb": 135.84
    },
    {
        "filename": "2-03-V2-W.png",
        "width": 500,
        "height": 500,
        "format": "PNG",
        "mode": "RGB",
        "creation_time": "2024-09-03 19:22:08",
        "last_modified_time": "2024-09-03 19:22:08",
        "size_kb": 135.53
    },
    {
        "filename": "2-03-V1-B.png",
        "width": 500,
        "height": 500,
        "format": "PNG",
        "mode": "RGB",
        "creation_time": "2024-09-03 19:22:08",
        "last_modified_time": "2024-09-03 19:22:08",
        "size_kb": 173.79
    },
    {
        "filename": "2-03-V2-B.png",
        "width": 500,
        "height": 500,
        "format": "PNG",
        "mode": "RGB",
        "creation_time": "2024-09-03 19:22:09",
        "last_modified_time": "2024-09-03 19:22:09",
        "size_kb": 202.65
    },
    {
        "filename": "3-04-V1-W.png",
        "width": 500,
        "height": 500,
        "format": "PNG",
        "mode": "RGB",
        "creation_time": "2024-09-03 19:22:09",
        "last_modified_time": "2024-09-03 19:22:09",
        "size_kb": 114.99
    },
    {
        "filename": "3-04-V2-W.png",
        "width": 500,
        "height": 500,
        "format": "PNG",
        "mode": "RGB",
        "creation_time": "2024-09-03 19:22:09",
        "last_modified_time": "2024-09-03 19:22:09",
        "size_kb": 98.48
    },
    {
        "filename": "3-04-V1-B.png",
        "width": 500,
        "height": 500,
        "format": "PNG",
        "mode": "RGB",
        "creation_time": "2024-09-03 19:22:09",
        "last_modified_time": "2024-09-03 19:22:09",
        "size_kb": 152.16
    },
    {
        "filename": "3-04-V2-B.png",
        "width": 500,
        "height": 500,
        "format": "PNG",
        "mode": "RGB",
        "creation_time": "2024-09-03 19:22:09",
        "last_modified_time": "2024-09-03 19:22:09",
        "size_kb": 154.76
    },
    {
        "filename": "4-05-V1-W.png",
        "width": 500,
        "height": 500,
        "format": "PNG",
        "mode": "RGB",
        "creation_time": "2024-09-03 19:22:09",
        "last_modified_time": "2024-09-03 19:22:09",
        "size_kb": 186.94
    },
    {
        "filename": "4-05-V2-W.png",
        "width": 500,
        "height": 500,
        "format": "PNG",
        "mode": "RGB",
        "creation_time": "2024-09-03 19:22:09",
        "last_modified_time": "2024-09-03 19:22:09",
        "size_kb": 166.52
    },
    {
        "filename": "4-05-V1-B.png",
        "width": 500,
        "height": 500,
        "format": "PNG",
        "mode": "RGB",
        "creation_time": "2024-09-03 19:22:09",
        "last_modified_time": "2024-09-03 19:22:09",
        "size_kb": 255.65
    },
    {
        "filename": "4-05-V2-B.png",
        "width": 500,
        "height": 500,
        "format": "PNG",
        "mode": "RGB",
        "creation_time": "2024-09-03 19:22:09",
        "last_modified_time": "2024-09-03 19:22:10",
        "size_kb": 192.21
    },
    {
        "filename": "5-06-V1-W.png",
        "width": 500,
        "height": 500,
        "format": "PNG",
        "mode": "RGB",
        "creation_time": "2024-09-03 19:22:10",
        "last_modified_time": "2024-09-03 19:22:10",
        "size_kb": 143.21
    },
    {
        "filename": "5-06-V2-W.png",
        "width": 500,
        "height": 500,
        "format": "PNG",
        "mode": "RGB",
        "creation_time": "2024-09-03 19:22:10",
        "last_modified_time": "2024-09-03 19:22:10",
        "size_kb": 146.01
    },
    {
        "filename": "5-06-V1-B.png",
        "width": 500,
        "height": 500,
        "format": "PNG",
        "mode": "RGB",
        "creation_time": "2024-09-03 19:22:10",
        "last_modified_time": "2024-09-03 19:22:10",
        "size_kb": 173.79
    },
    {
        "filename": "5-06-V2-B.png",
        "width": 500,
        "height": 500,
        "format": "PNG",
        "mode": "RGB",
        "creation_time": "2024-09-03 19:22:10",
        "last_modified_time": "2024-09-03 19:22:10",
        "size_kb": 187.97
    },
    {
        "filename": "6-07-V1-W.png",
        "width": 500,
        "height": 500,
        "format": "PNG",
        "mode": "RGB",
        "creation_time": "2024-09-03 19:22:10",
        "last_modified_time": "2024-09-03 19:22:10",
        "size_kb": 133.77
    },
    {
        "filename": "6-07-V2-W.png",
        "width": 500,
        "height": 500,
        "format": "PNG",
        "mode": "RGB",
        "creation_time": "2024-09-03 19:22:11",
        "last_modified_time": "2024-09-03 19:22:11",
        "size_kb": 145.47
    },
    {
        "filename": "6-07-V1-B.png",
        "width": 500,
        "height": 500,
        "format": "PNG",
        "mode": "RGB",
        "creation_time": "2024-09-03 19:22:10",
        "last_modified_time": "2024-09-03 19:22:11",
        "size_kb": 170.12
    },
    {
        "filename": "6-07-V2-B.png",
        "width": 500,
        "height": 500,
        "format": "PNG",
        "mode": "RGB",
        "creation_time": "2024-09-03 19:22:11",
        "last_modified_time": "2024-09-03 19:22:11",
        "size_kb": 182.3
    },
    {
        "filename": "7-08-V1-W.png",
        "width": 500,
        "height": 500,
        "format": "PNG",
        "mode": "RGB",
        "creation_time": "2024-09-03 19:22:11",
        "last_modified_time": "2024-09-03 19:22:11",
        "size_kb": 173.12
    },
    {
        "filename": "7-08-V2-W.png",
        "width": 500,
        "height": 500,
        "format": "PNG",
        "mode": "RGB",
        "creation_time": "2024-09-03 19:22:11",
        "last_modified_time": "2024-09-03 19:22:11",
        "size_kb": 154.07
    },
    {
        "filename": "7-08-V1-B.png",
        "width": 500,
        "height": 500,
        "format": "PNG",
        "mode": "RGB",
        "creation_time": "2024-09-03 19:22:11",
        "last_modified_time": "2024-09-03 19:22:11",
        "size_kb": 158.03
    },
    {
        "filename": "7-08-V2-B.png",
        "width": 500,
        "height": 500,
        "format": "PNG",
        "mode": "RGB",
        "creation_time": "2024-09-03 19:22:11",
        "last_modified_time": "2024-09-03 19:22:11",
        "size_kb": 142.69
    },
    {
        "filename": "8-09-V1-W.png",
        "width": 500,
        "height": 500,
        "format": "PNG",
        "mode": "RGB",
        "creation_time": "2024-09-03 19:22:12",
        "last_modified_time": "2024-09-03 19:22:12",
        "size_kb": 69.03
    },
    {
        "filename": "8-09-V2-W.png",
        "width": 500,
        "height": 500,
        "format": "PNG",
        "mode": "RGB",
        "creation_time": "2024-09-03 19:22:12",
        "last_modified_time": "2024-09-03 19:22:12",
        "size_kb": 79.12
    },
    {
        "filename": "8-09-V1-B.png",
        "width": 500,
        "height": 500,
        "format": "PNG",
        "mode": "RGB",
        "creation_time": "2024-09-03 19:22:12",
        "last_modified_time": "2024-09-03 19:22:12",
        "size_kb": 187.17
    },
    {
        "filename": "8-09-V2-B.png",
        "width": 500,
        "height": 500,
        "format": "PNG",
        "mode": "RGB",
        "creation_time": "2024-09-03 19:22:12",
        "last_modified_time": "2024-09-03 19:22:12",
        "size_kb": 148.03
    }
]